pair, tag, pearson_train, pearson_eval, spearman_train, spearman_eval
acp_gen_to_commit0, acp_gen_FULL__vs__commit0_FULL, 0.8844928412411808, 0.8844928412411808, 0.9379580992210836, 0.9379580992210836
acp_gen_to_commit0, acp_gen_acp_app_gen__vs__commit0_FULL, 0.923479507960365, 0.923479507960365, 0.7356123579206247, 0.7356123579206247
acp_gen_to_commit0, acp_gen_acp_areach_gen__vs__commit0_FULL, 0.9135002783911396, 0.9135002783911396, 0.9534625892455922, 0.9534625892455922
acp_gen_to_commit0, acp_gen_acp_just_gen__vs__commit0_FULL, 0.35552072278000735, 0.35552072278000735, 0.14712247158412495, 0.14712247158412495
acp_gen_to_commit0, acp_gen_acp_land_gen__vs__commit0_FULL, 0.8844928412411807, 0.8844928412411807, 0.9379580992210836, 0.9379580992210836
acp_gen_to_commit0, acp_gen_acp_nexta_gen__vs__commit0_FULL, 0.9060733236293981, 0.9060733236293981, 0.8827348295047497, 0.8827348295047497
acp_gen_to_commit0, acp_gen_acp_prog_gen__vs__commit0_FULL, 0.8406925274614035, 0.8406925274614035, 0.6179143806533247, 0.6179143806533247
acp_gen_to_commit0, acp_gen_acp_reach_gen__vs__commit0_FULL, 0.8265093913902088, 0.8265093913902088, 0.7944613465542747, 0.7944613465542747
acp_gen_to_commit0, acp_gen_acp_val_gen__vs__commit0_FULL, 0.7179496690811537, 0.7179496690811537, 0.4707919090691998, 0.4707919090691998
acp_gen_to_gaia, acp_gen_FULL__vs__gaia_FULL, 0.9950763854512452, 0.9950763854512452, 0.9851843661437778, 0.9851843661437778
acp_gen_to_gaia, acp_gen_acp_app_gen__vs__gaia_FULL, 0.9219530599200366, 0.9219530599200366, 0.9558823529411763, 0.9558823529411763
acp_gen_to_gaia, acp_gen_acp_areach_gen__vs__gaia_FULL, 0.7887111711433739, 0.7887111711433739, 0.7717436331412896, 0.7717436331412896
acp_gen_to_gaia, acp_gen_acp_just_gen__vs__gaia_FULL, 0.057220796425035476, 0.057220796425035476, 0.057977103565244846, 0.057977103565244846
acp_gen_to_gaia, acp_gen_acp_land_gen__vs__gaia_FULL, 0.9891172500596495, 0.9891172500596495, 0.9856107606091623, 0.9856107606091623
acp_gen_to_gaia, acp_gen_acp_nexta_gen__vs__gaia_FULL, 0.9633068594759542, 0.9633068594759542, 0.9856107606091623, 0.9856107606091623
acp_gen_to_gaia, acp_gen_acp_prog_gen__vs__gaia_FULL, 0.9932261747148374, 0.9932261747148374, 0.9999999999999998, 0.9999999999999998
acp_gen_to_gaia, acp_gen_acp_reach_gen__vs__gaia_FULL, 0.6032474865447178, 0.6032474865447178, 0.3768511731740915, 0.3768511731740915
acp_gen_to_gaia, acp_gen_acp_val_gen__vs__gaia_FULL, 0.5095750631934748, 0.5095750631934748, -0.028988551782622423, -0.028988551782622423
acp_gen_to_swebench, acp_gen_FULL__vs__swebench_FULL, 0.8985197825086393, 0.933147693396471, 0.8060599359358183, 0.8827348295047497
acp_gen_to_swebench, acp_gen_acp_app_gen__vs__swebench_FULL, 0.8782262721033653, 0.9378641020016522, 0.8116794499134278, 0.7142857142857143
acp_gen_to_swebench, acp_gen_acp_areach_gen__vs__swebench_FULL, 0.5347987942510692, 0.6150813955507916, 0.6688444820557843, 0.8451542547285165
acp_gen_to_swebench, acp_gen_acp_just_gen__vs__swebench_FULL, -0.010798958756211957, -0.15741089100719408, 0.057977103565244846, -0.2571428571428571
acp_gen_to_swebench, acp_gen_acp_land_gen__vs__swebench_FULL, 0.9242698545615362, 0.8832928491082399, 0.9276336570439175, 0.8857142857142857
acp_gen_to_swebench, acp_gen_acp_nexta_gen__vs__swebench_FULL, 0.9100044250292302, 0.8005471823973282, 0.9856107606091623, 0.8285714285714286
acp_gen_to_swebench, acp_gen_acp_prog_gen__vs__swebench_FULL, 0.9671504750373888, 0.9703654957809964, 0.898645105261295, 0.7714285714285715
acp_gen_to_swebench, acp_gen_acp_reach_gen__vs__swebench_FULL, 0.4915690853354517, 0.3078425178531364, 0.3768511731740915, 0.42857142857142855
acp_gen_to_swebench, acp_gen_acp_val_gen__vs__swebench_FULL, 0.3730571001324655, 0.15156151986765398, -0.028988551782622423, -0.37142857142857144
acp_gen_to_swtbench, acp_gen_FULL__vs__swtbench_FULL, 0.9969145207281835, 0.9841771441985385, 0.9411239481143202, 0.9548637106322309
acp_gen_to_swtbench, acp_gen_acp_app_gen__vs__swtbench_FULL, 0.9905347528643936, 0.9814659533494723, 0.8116794499134277, 0.9999999999999998
acp_gen_to_swtbench, acp_gen_acp_areach_gen__vs__swtbench_FULL, 0.7360201779039195, 0.7929925657295442, 0.7715167498104596, 0.8610584002420805
acp_gen_to_swtbench, acp_gen_acp_just_gen__vs__swtbench_FULL, 0.09965490375670168, 0.2807076637023974, 0.02857142857142857, 0.46381682852195877
acp_gen_to_swtbench, acp_gen_acp_land_gen__vs__swtbench_FULL, 0.9095806275504768, 0.8881392642867276, 1.0, 0.8116794499134278
acp_gen_to_swtbench, acp_gen_acp_nexta_gen__vs__swtbench_FULL, 0.893081242082575, 0.911722360740541, 0.9428571428571428, 0.8116794499134278
acp_gen_to_swtbench, acp_gen_acp_prog_gen__vs__swtbench_FULL, 0.9955282254322048, 0.9675378897522892, 0.9428571428571428, 0.8116794499134278
acp_gen_to_swtbench, acp_gen_acp_reach_gen__vs__swtbench_FULL, 0.3671047737086315, 0.43186148544295283, 0.4857142857142857, 0.2608969660436018
acp_gen_to_swtbench, acp_gen_acp_val_gen__vs__swtbench_FULL, 0.31723530871335315, 0.43581763886599645, -0.08571428571428572, 0.23190841426097938
aime25_to_commit0, aime25_FULL__vs__commit0_FULL, 0.08497398217226075, 0.08497398217226075, 0.4328840396692357, 0.4328840396692357
aime25_to_gaia, aime25_FULL__vs__gaia_FULL, 0.015639837402276417, 0.015639837402276417, 0.17647058823529407, 0.17647058823529407
aime25_to_swebench, aime25_FULL__vs__swebench_FULL, 0.1354877820415221, 0.3380105621000729, 0.17647058823529407, 0.46381682852195866
aime25_to_swebench_bash_only, aime25_FULL__vs__swebench_bash_only_FULL, 0.0, 0.0, 0.0, 0.0
aime25_to_swebench_multimodal, aime25_FULL__vs__swebench_multimodal_FULL, -0.4180511300035326, -0.4180511300035326, -0.40583972495671383, -0.40583972495671383
aime25_to_swtbench, aime25_FULL__vs__swtbench_FULL, 0.32853756327493283, 0.312079858399528, 0.31887406960884657, 0.35294117647058815
gpqa_to_commit0, gpqa_FULL__vs__commit0_FULL, 0.8844928412411808, 0.8844928412411808, 0.9379580992210836, 0.9379580992210836
gpqa_to_commit0, gpqa_diamond__vs__commit0_FULL, 0.9144280354382611, 0.9144280354382611, 0.940403258591788, 0.940403258591788
gpqa_to_commit0, gpqa_extended__vs__commit0_FULL, 0.9135002783911399, 0.9135002783911399, 0.9534625892455922, 0.9534625892455922
gpqa_to_commit0, gpqa_main__vs__commit0_FULL, 0.9135002783911395, 0.9135002783911395, 0.9534625892455922, 0.9534625892455922
gpqa_to_swebench, gpqa_FULL__vs__swebench_FULL, 0.8985197825086394, 0.9331476933964712, 0.8060599359358183, 0.8827348295047497
gpqa_to_swebench, gpqa_diamond__vs__swebench_FULL, 0.9092286413046193, 0.9585763691849808, 0.8235294117647057, 0.8986451052612949
gpqa_to_swebench, gpqa_extended__vs__swebench_FULL, 0.971464634822843, 0.958536959875975, 0.9393364366277241, 0.9258200997725515
gpqa_to_swebench, gpqa_main__vs__swebench_FULL, 0.8985197825086393, 0.933147693396471, 0.8060599359358183, 0.8827348295047497
gpqa_to_swebench_bash_only, gpqa_FULL__vs__swebench_bash_only_FULL, 0.0, 0.0, 0.0, 0.0
gpqa_to_swebench_bash_only, gpqa_diamond__vs__swebench_bash_only_FULL, 0.0, 0.0, 0.0, 0.0
gpqa_to_swebench_bash_only, gpqa_extended__vs__swebench_bash_only_FULL, 0.0, 0.0, 0.0, 0.0
gpqa_to_swebench_bash_only, gpqa_main__vs__swebench_bash_only_FULL, 0.0, 0.0, 0.0, 0.0
gpqa_to_swebench_multimodal, gpqa_FULL__vs__swebench_multimodal_FULL, 0.9541490569553899, 0.9541490569553899, 0.8827348295047497, 0.8827348295047497
gpqa_to_swebench_multimodal, gpqa_diamond__vs__swebench_multimodal_FULL, 0.9613065721371784, 0.9613065721371784, 0.9276336570439173, 0.9276336570439173
gpqa_to_swebench_multimodal, gpqa_extended__vs__swebench_multimodal_FULL, 0.9541490569553899, 0.9541490569553899, 0.8827348295047497, 0.8827348295047497
gpqa_to_swebench_multimodal, gpqa_main__vs__swebench_multimodal_FULL, 0.9541490569553898, 0.9541490569553898, 0.8827348295047497, 0.8827348295047497
gpqa_to_swtbench, gpqa_FULL__vs__swtbench_FULL, 0.9969145207281835, 0.9841771441985386, 0.9411239481143202, 0.9548637106322309
gpqa_to_swtbench, gpqa_diamond__vs__swtbench_FULL, 0.9961885968605105, 0.9704743283533656, 0.9428571428571428, 0.8116794499134278
gpqa_to_swtbench, gpqa_extended__vs__swtbench_FULL, 0.9969145207281835, 0.9841771441985386, 0.9411239481143202, 0.9548637106322309
gpqa_to_swtbench, gpqa_main__vs__swtbench_FULL, 0.9969145207281835, 0.9841771441985386, 0.9411239481143202, 0.9548637106322309
humaneval_to_commit0, humaneval_FULL__vs__commit0_FULL, 1.0, 1.0, 1.0, 1.0
humaneval_to_gaia, humaneval_FULL__vs__gaia_FULL, 1.0, 1.0, 1.0, 1.0
humaneval_to_swebench, humaneval_FULL__vs__swebench_FULL, 1.0, 1.0, 1.0, 1.0
humaneval_to_swebench_bash_only, humaneval_FULL__vs__swebench_bash_only_FULL, 0.0, 0.0, 0.0, 0.0
humaneval_to_swebench_multimodal, humaneval_FULL__vs__swebench_multimodal_FULL, 1.0, 1.0, 1.0, 1.0
humaneval_to_swtbench, humaneval_FULL__vs__swtbench_FULL, 0.9999999999999999, 1.0, 1.0, 1.0
ifeval_to_commit0, ifeval_FULL__vs__commit0_FULL, 0.9135002783911409, 0.9135002783911409, 0.9534625892455922, 0.9534625892455922
ifeval_to_commit0, ifeval_inst_level_loose_acc__vs__commit0_FULL, 0.9135002783911395, 0.9135002783911395, 0.9534625892455922, 0.9534625892455922
ifeval_to_commit0, ifeval_inst_level_strict_acc__vs__commit0_FULL, 0.7881603609443292, 0.7881603609443292, 0.9057894597833126, 0.9057894597833126
ifeval_to_commit0, ifeval_prompt_level_loose_acc__vs__commit0_FULL, 0.9135002783911395, 0.9135002783911395, 0.9534625892455922, 0.9534625892455922
ifeval_to_commit0, ifeval_prompt_level_strict_acc__vs__commit0_FULL, 0.9135002783911395, 0.9135002783911395, 0.9534625892455922, 0.9534625892455922
ifeval_to_gaia, ifeval_FULL__vs__gaia_FULL, 0.9851869721917095, 0.9851869721917095, 0.9856107606091623, 0.9856107606091623
ifeval_to_gaia, ifeval_inst_level_loose_acc__vs__gaia_FULL, 0.9851869721917094, 0.9851869721917094, 0.9856107606091623, 0.9856107606091623
ifeval_to_gaia, ifeval_inst_level_strict_acc__vs__gaia_FULL, 0.9847166883959806, 0.9847166883959806, 0.9856107606091623, 0.9856107606091623
ifeval_to_gaia, ifeval_prompt_level_loose_acc__vs__gaia_FULL, 0.9950763854512448, 0.9950763854512448, 0.9851843661437778, 0.9851843661437778
ifeval_to_gaia, ifeval_prompt_level_strict_acc__vs__gaia_FULL, 0.9950763854512448, 0.9950763854512448, 0.9851843661437778, 0.9851843661437778
ifeval_to_swebench, ifeval_FULL__vs__swebench_FULL, 0.8800298025343037, 0.919508920379649, 0.8060599359358183, 0.8827348295047497
ifeval_to_swebench, ifeval_inst_level_loose_acc__vs__swebench_FULL, 0.8800298025343039, 0.919508920379649, 0.8060599359358183, 0.8827348295047497
ifeval_to_swebench, ifeval_inst_level_strict_acc__vs__swebench_FULL, 0.8800298025342983, 0.9195089203796449, 0.8060599359358183, 0.8827348295047497
ifeval_to_swebench, ifeval_prompt_level_loose_acc__vs__swebench_FULL, 0.9714646348228424, 0.9585369598759748, 0.9393364366277241, 0.9258200997725515
ifeval_to_swebench, ifeval_prompt_level_strict_acc__vs__swebench_FULL, 0.9714646348228424, 0.9585369598759748, 0.9393364366277241, 0.9258200997725515
ifeval_to_swebench_multimodal, ifeval_FULL__vs__swebench_multimodal_FULL, 0.9596191846254108, 0.9596191846254108, 0.8857142857142857, 0.8857142857142857
ifeval_to_swebench_multimodal, ifeval_inst_level_loose_acc__vs__swebench_multimodal_FULL, 0.9588932518338212, 0.9588932518338212, 0.9258200997725515, 0.9258200997725515
ifeval_to_swebench_multimodal, ifeval_inst_level_strict_acc__vs__swebench_multimodal_FULL, 0.9588932518338216, 0.9588932518338216, 0.9258200997725515, 0.9258200997725515
ifeval_to_swebench_multimodal, ifeval_prompt_level_loose_acc__vs__swebench_multimodal_FULL, 0.8932370012631206, 0.8932370012631206, 0.8366600265340757, 0.8366600265340757
ifeval_to_swebench_multimodal, ifeval_prompt_level_strict_acc__vs__swebench_multimodal_FULL, 0.9024935904764443, 0.9024935904764443, 0.828078671210825, 0.828078671210825
ifeval_to_swtbench, ifeval_FULL__vs__swtbench_FULL, 0.9970744657628384, 0.9776638443338771, 0.9411239481143202, 0.9548637106322309
ifeval_to_swtbench, ifeval_inst_level_loose_acc__vs__swtbench_FULL, 0.9970744657628382, 0.9776638443338769, 0.9411239481143202, 0.9548637106322309
ifeval_to_swtbench, ifeval_inst_level_strict_acc__vs__swtbench_FULL, 0.9938302483964429, 0.9724313626898113, 0.8986451052612949, 0.8676470588235292
ifeval_to_swtbench, ifeval_prompt_level_loose_acc__vs__swtbench_FULL, 0.9969145207281835, 0.9841771441985387, 0.9411239481143202, 0.9548637106322309
ifeval_to_swtbench, ifeval_prompt_level_strict_acc__vs__swtbench_FULL, 0.9969145207281837, 0.9841771441985386, 0.9411239481143202, 0.9548637106322309
infobench_to_commit0, infobench_FULL__vs__commit0_FULL, 0.6622661785325218, 0.6622661785325218, 0.8164965809277261, 0.8164965809277261
infobench_to_swebench, infobench_FULL__vs__swebench_FULL, 0.9787897590560194, 0.9322630300194743, 0.9486832980505138, 0.9486832980505138
infobench_to_swebench_bash_only, infobench_FULL__vs__swebench_bash_only_FULL, 0.0, 0.0, 0.0, 0.0
infobench_to_swebench_multimodal, infobench_FULL__vs__swebench_multimodal_FULL, 0.9545646694939325, 0.9545646694939325, 0.7999999999999998, 0.7999999999999998
infobench_to_swtbench, infobench_FULL__vs__swtbench_FULL, 0.9914688517997475, 0.9481888233132006, 0.9999999999999998, 0.7999999999999998
lifbench_to_swebench_bash_only, lifbench_FULL__vs__swebench_bash_only_FULL, 0.0, 0.0, 0.0, 0.0
lifbench_to_swebench_bash_only, lifbench_list-blur_offset_query_element__vs__swebench_bash_only_FULL, 0.0, 0.0, 0.0, 0.0
lifbench_to_swebench_bash_only, lifbench_list-blur_offset_query_id__vs__swebench_bash_only_FULL, 0.0, 0.0, 0.0, 0.0
lifbench_to_swebench_bash_only, lifbench_list-multi_query_id__vs__swebench_bash_only_FULL, 0.0, 0.0, 0.0, 0.0
lifbench_to_swebench_bash_only, lifbench_list-offset_query_element__vs__swebench_bash_only_FULL, 0.0, 0.0, 0.0, 0.0
lifbench_to_swebench_bash_only, lifbench_list-offset_query_id__vs__swebench_bash_only_FULL, 0.0, 0.0, 0.0, 0.0
lifbench_to_swebench_bash_only, lifbench_list-single_query_id__vs__swebench_bash_only_FULL, 0.0, 0.0, 0.0, 0.0
lifbench_to_swebench_bash_only, lifbench_multidoc-batch_label__vs__swebench_bash_only_FULL, 0.0, 0.0, 0.0, 0.0
lifbench_to_swebench_bash_only, lifbench_multidoc-find_dup_text__vs__swebench_bash_only_FULL, 0.0, 0.0, 0.0, 0.0
lifbench_to_swebench_bash_only, lifbench_onedoc-extract__vs__swebench_bash_only_FULL, 0.0, 0.0, 0.0, 0.0
lifbench_to_swebench_bash_only, lifbench_onedoc-qa__vs__swebench_bash_only_FULL, 0.0, 0.0, 0.0, 0.0
lifbench_to_swebench_bash_only, lifbench_onedoc-repeat__vs__swebench_bash_only_FULL, 0.0, 0.0, 0.0, 0.0
livecodebench_to_commit0, livecodebench_FULL__vs__commit0_FULL, 0.8875586835058664, 0.8875586835058664, 0.917662935482247, 0.917662935482247
livecodebench_to_commit0, livecodebench_codeexecution__vs__commit0_FULL, 0.6666666666666667, 0.6666666666666667, 0.7404360971988655, 0.7404360971988655
livecodebench_to_commit0, livecodebench_codegeneration__vs__commit0_FULL, 0.8875586835058664, 0.8875586835058664, 0.917662935482247, 0.917662935482247
livecodebench_to_commit0, livecodebench_selfrepair__vs__commit0_FULL, 0.9185586535436919, 0.9185586535436919, 0.917662935482247, 0.917662935482247
livecodebench_to_commit0, livecodebench_testoutputprediction__vs__commit0_FULL, 0.7916666666666665, 0.7916666666666665, 0.8885233166386386, 0.8885233166386386
livecodebench_to_gaia, livecodebench_FULL__vs__gaia_FULL, 0.9808697518033913, 0.9808697518033913, 0.9999999999999998, 0.9999999999999998
livecodebench_to_gaia, livecodebench_codeexecution__vs__gaia_FULL, 0.7649026669485497, 0.7649026669485497, 0.6708203932499369, 0.6708203932499369
livecodebench_to_gaia, livecodebench_codegeneration__vs__gaia_FULL, 0.980869751803391, 0.980869751803391, 0.9999999999999998, 0.9999999999999998
livecodebench_to_gaia, livecodebench_selfrepair__vs__gaia_FULL, 0.9699203957016895, 0.9699203957016895, 0.9746794344808963, 0.9746794344808963
livecodebench_to_gaia, livecodebench_testoutputprediction__vs__gaia_FULL, 0.9333076934423685, 0.9333076934423685, 0.9486832980505137, 0.9486832980505137
livecodebench_to_swebench, livecodebench_FULL__vs__swebench_FULL, 0.9092071214254441, 0.91001702417988, 0.6668859288553501, 0.6668859288553501
livecodebench_to_swebench, livecodebench_codeexecution__vs__swebench_FULL, 0.9048254621337716, 0.9702339343681315, 0.7071067811865475, 0.7071067811865475
livecodebench_to_swebench, livecodebench_codegeneration__vs__swebench_FULL, 0.9092071214254441, 0.91001702417988, 0.6668859288553501, 0.6668859288553501
livecodebench_to_swebench, livecodebench_selfrepair__vs__swebench_FULL, 0.8582901007087593, 0.9024096428667376, 0.5270462766947298, 0.5270462766947298
livecodebench_to_swebench, livecodebench_testoutputprediction__vs__swebench_FULL, 0.9472958279365932, 0.9770091377559873, 0.9486832980505137, 0.7378647873726217
livecodebench_to_swtbench, livecodebench_FULL__vs__swtbench_FULL, 0.9932482882296025, 0.966330412645262, 0.9746794344808963, 0.8207826816681232
livecodebench_to_swtbench, livecodebench_codeexecution__vs__swtbench_FULL, 0.9729250910253854, 0.9517337345336013, 0.7071067811865475, 0.7071067811865475
livecodebench_to_swtbench, livecodebench_codegeneration__vs__swtbench_FULL, 0.9932482882296025, 0.966330412645262, 0.9746794344808963, 0.8207826816681232
livecodebench_to_swtbench, livecodebench_selfrepair__vs__swtbench_FULL, 0.9943416697209064, 0.9825421192082847, 0.8944271909999159, 0.8944271909999159
livecodebench_to_swtbench, livecodebench_testoutputprediction__vs__swtbench_FULL, 0.9943416697209064, 0.9825421192082845, 0.8944271909999159, 0.8944271909999159
mbpp_to_commit0, mbpp_FULL__vs__commit0_FULL, 1.0, 1.0, 1.0, 1.0
mbpp_to_gaia, mbpp_FULL__vs__gaia_FULL, 0.9999999999999998, 0.9999999999999998, 1.0, 1.0
mbpp_to_swebench, mbpp_FULL__vs__swebench_FULL, 1.0, 1.0, 1.0, 1.0
mbpp_to_swebench_bash_only, mbpp_FULL__vs__swebench_bash_only_FULL, 0.0, 0.0, 0.0, 0.0
mbpp_to_swebench_multimodal, mbpp_FULL__vs__swebench_multimodal_FULL, 1.0, 1.0, 1.0, 1.0
mbpp_to_swtbench, mbpp_FULL__vs__swtbench_FULL, 1.0, 1.0, 1.0, 1.0
mmlu_to_swebench, mmlu_FULL__vs__swebench_FULL, 1.0, 1.0, 1.0, 1.0
mmlu_to_swebench, mmlu_mmlu_abstract_algebra__vs__swebench_FULL, 1.0, 1.0000000000000002, 1.0, 1.0
mmlu_to_swebench, mmlu_mmlu_anatomy__vs__swebench_FULL, 1.0, 0.9999999999999999, 1.0, 1.0
mmlu_to_swebench, mmlu_mmlu_astronomy__vs__swebench_FULL, 1.0000000000000002, 1.0, 1.0, 1.0
mmlu_to_swebench, mmlu_mmlu_business_ethics__vs__swebench_FULL, 1.0, 1.0, 1.0, 1.0
mmlu_to_swebench, mmlu_mmlu_clinical_knowledge__vs__swebench_FULL, 0.9999999999999998, 1.0, 1.0, 1.0
mmlu_to_swebench, mmlu_mmlu_college_biology__vs__swebench_FULL, 1.0000000000000002, 1.0, 1.0, 1.0
mmlu_to_swebench, mmlu_mmlu_college_chemistry__vs__swebench_FULL, 1.0, 0.9999999999999999, 1.0, 1.0
mmlu_to_swebench, mmlu_mmlu_college_computer_science__vs__swebench_FULL, 1.0, 1.0, 1.0, 1.0
mmlu_to_swebench, mmlu_mmlu_college_mathematics__vs__swebench_FULL, -1.0, -1.0, -1.0, -1.0
mmlu_to_swebench, mmlu_mmlu_college_medicine__vs__swebench_FULL, 1.0, 1.0, 1.0, 1.0
mmlu_to_swebench, mmlu_mmlu_college_physics__vs__swebench_FULL, 1.0, 1.0000000000000002, 1.0, 1.0
mmlu_to_swebench, mmlu_mmlu_computer_security__vs__swebench_FULL, 1.0, 0.9999999999999999, 1.0, 1.0
mmlu_to_swebench, mmlu_mmlu_conceptual_physics__vs__swebench_FULL, 0.9999999999999999, 1.0, 1.0, 1.0
mmlu_to_swebench, mmlu_mmlu_econometrics__vs__swebench_FULL, 1.0, 1.0000000000000002, 1.0, 1.0
mmlu_to_swebench, mmlu_mmlu_electrical_engineering__vs__swebench_FULL, 1.0, 1.0000000000000002, 1.0, 1.0
mmlu_to_swebench, mmlu_mmlu_elementary_mathematics__vs__swebench_FULL, 1.0, 1.0000000000000002, 1.0, 1.0
mmlu_to_swebench, mmlu_mmlu_formal_logic__vs__swebench_FULL, 1.0, 1.0000000000000002, 1.0, 1.0
mmlu_to_swebench, mmlu_mmlu_global_facts__vs__swebench_FULL, 1.0, 1.0000000000000002, 1.0, 1.0
mmlu_to_swebench, mmlu_mmlu_high_school_biology__vs__swebench_FULL, 1.0, 1.0000000000000002, 1.0, 1.0
mmlu_to_swebench, mmlu_mmlu_high_school_chemistry__vs__swebench_FULL, 1.0, 1.0, 1.0, 1.0
mmlu_to_swebench, mmlu_mmlu_high_school_computer_science__vs__swebench_FULL, -1.0, -1.0000000000000002, -1.0, -1.0
mmlu_to_swebench, mmlu_mmlu_high_school_european_history__vs__swebench_FULL, 1.0, 1.0, 1.0, 1.0
mmlu_to_swebench, mmlu_mmlu_high_school_geography__vs__swebench_FULL, 1.0, 1.0000000000000002, 1.0, 1.0
mmlu_to_swebench, mmlu_mmlu_high_school_government_and_politics__vs__swebench_FULL, 1.0, 1.0000000000000002, 1.0, 1.0
mmlu_to_swebench, mmlu_mmlu_high_school_macroeconomics__vs__swebench_FULL, 1.0000000000000002, 1.0, 1.0, 1.0
mmlu_to_swebench, mmlu_mmlu_high_school_mathematics__vs__swebench_FULL, 1.0, 1.0, 1.0, 1.0
mmlu_to_swebench, mmlu_mmlu_high_school_microeconomics__vs__swebench_FULL, 0.9999999999999999, 1.0, 1.0, 1.0
mmlu_to_swebench, mmlu_mmlu_high_school_physics__vs__swebench_FULL, 1.0, 1.0, 1.0, 1.0
mmlu_to_swebench, mmlu_mmlu_high_school_psychology__vs__swebench_FULL, 1.0, 1.0, 1.0, 1.0
mmlu_to_swebench, mmlu_mmlu_high_school_statistics__vs__swebench_FULL, 1.0, 1.0, 1.0, 1.0
mmlu_to_swebench, mmlu_mmlu_high_school_us_history__vs__swebench_FULL, 1.0, 1.0000000000000002, 1.0, 1.0
mmlu_to_swebench, mmlu_mmlu_high_school_world_history__vs__swebench_FULL, 1.0, 1.0000000000000002, 1.0, 1.0
mmlu_to_swebench, mmlu_mmlu_human_aging__vs__swebench_FULL, 1.0, 0.9999999999999999, 1.0, 1.0
mmlu_to_swebench, mmlu_mmlu_human_sexuality__vs__swebench_FULL, 1.0, 1.0000000000000002, 1.0, 1.0
mmlu_to_swebench, mmlu_mmlu_international_law__vs__swebench_FULL, 1.0, 1.0000000000000002, 1.0, 1.0
mmlu_to_swebench, mmlu_mmlu_jurisprudence__vs__swebench_FULL, 1.0, 0.9999999999999999, 1.0, 1.0
mmlu_to_swebench, mmlu_mmlu_logical_fallacies__vs__swebench_FULL, 1.0, 1.0, 1.0, 1.0
mmlu_to_swebench, mmlu_mmlu_machine_learning__vs__swebench_FULL, 1.0, 1.0000000000000002, 1.0, 1.0
mmlu_to_swebench, mmlu_mmlu_management__vs__swebench_FULL, 1.0, 1.0000000000000002, 1.0, 1.0
mmlu_to_swebench, mmlu_mmlu_marketing__vs__swebench_FULL, 1.0, 1.0000000000000002, 1.0, 1.0
mmlu_to_swebench, mmlu_mmlu_medical_genetics__vs__swebench_FULL, 1.0, 0.9999999999999999, 1.0, 1.0
mmlu_to_swebench, mmlu_mmlu_miscellaneous__vs__swebench_FULL, 1.0, 1.0, 1.0, 1.0
mmlu_to_swebench, mmlu_mmlu_moral_disputes__vs__swebench_FULL, 0.9999999999999999, 1.0, 1.0, 1.0
mmlu_to_swebench, mmlu_mmlu_moral_scenarios__vs__swebench_FULL, 0.9999999999999998, 0.9999999999999998, 1.0, 1.0
mmlu_to_swebench, mmlu_mmlu_nutrition__vs__swebench_FULL, 1.0, 1.0000000000000002, 1.0, 1.0
mmlu_to_swebench, mmlu_mmlu_philosophy__vs__swebench_FULL, 1.0000000000000002, 1.0, 1.0, 1.0
mmlu_to_swebench, mmlu_mmlu_prehistory__vs__swebench_FULL, 1.0, 1.0, 1.0, 1.0
mmlu_to_swebench, mmlu_mmlu_professional_accounting__vs__swebench_FULL, 1.0, 1.0, 1.0, 1.0
mmlu_to_swebench, mmlu_mmlu_professional_law__vs__swebench_FULL, 1.0, 1.0, 1.0, 1.0
mmlu_to_swebench, mmlu_mmlu_professional_medicine__vs__swebench_FULL, 1.0, 1.0, 1.0, 1.0
mmlu_to_swebench, mmlu_mmlu_professional_psychology__vs__swebench_FULL, 1.0, 0.9999999999999999, 1.0, 1.0
mmlu_to_swebench, mmlu_mmlu_public_relations__vs__swebench_FULL, 1.0, 1.0, 1.0, 1.0
mmlu_to_swebench, mmlu_mmlu_security_studies__vs__swebench_FULL, 1.0, 1.0, 1.0, 1.0
mmlu_to_swebench, mmlu_mmlu_sociology__vs__swebench_FULL, 1.0, 1.0, 1.0, 1.0
mmlu_to_swebench, mmlu_mmlu_us_foreign_policy__vs__swebench_FULL, 1.0, 1.0000000000000002, 1.0, 1.0
mmlu_to_swebench, mmlu_mmlu_virology__vs__swebench_FULL, 0.9999999999999998, 1.0, 1.0, 1.0
mmlu_to_swebench, mmlu_mmlu_world_religions__vs__swebench_FULL, 1.0, 1.0, 1.0, 1.0